,commitinfo,codeBlockId,unique,Revision,clonesets,codeBlock_start,codeBlock_end,nloc,codeBlock_fileinfo,codeCloneBlockId,change_type,codeBlock_start_diffs,codeBlock_end_diff,nloc_diff,status,disappearing_clone_diffs
0,b5a523f87afca3491f9137bc775277ef96cba982,9,R1CodeBlock9,1,1,87,102,76,ArUtils.java,CodeBlock11,ModificationType.ADD,,new,new,new,disappearing_clone
108,b5a523f87afca3491f9137bc775277ef96cba982,295,R1CodeBlock295,1,33,498,513,1444,Native2ASCIIEncodingTest.java,CodeBlock275,ModificationType.ADD,,new,new,new,disappearing_clone
109,b5a523f87afca3491f9137bc775277ef96cba982,296,R1CodeBlock296,1,32,516,526,1444,Native2ASCIIEncodingTest.java,CodeBlock297,ModificationType.ADD,,new,new,new,disappearing_clone
110,b5a523f87afca3491f9137bc775277ef96cba982,297,R1CodeBlock297,1,32,529,540,1444,Native2ASCIIEncodingTest.java,CodeBlock296,ModificationType.ADD,,new,new,new,disappearing_clone
111,b5a523f87afca3491f9137bc775277ef96cba982,298,R1CodeBlock298,1,38,543,551,1444,Native2ASCIIEncodingTest.java,CodeBlock338,ModificationType.ADD,,new,new,new,disappearing_clone
112,b5a523f87afca3491f9137bc775277ef96cba982,299,R1CodeBlock299,1,29,554,559,1444,Native2ASCIIEncodingTest.java,CodeBlock302,ModificationType.ADD,,new,new,new,disappearing_clone
113,b5a523f87afca3491f9137bc775277ef96cba982,300,R1CodeBlock300,1,43,562,567,1444,Native2ASCIIEncodingTest.java,CodeBlock302,ModificationType.ADD,,new,new,new,disappearing_clone
114,b5a523f87afca3491f9137bc775277ef96cba982,301,R1CodeBlock301,1,36,570,575,1444,Native2ASCIIEncodingTest.java,CodeBlock302,ModificationType.ADD,,new,new,new,disappearing_clone
115,b5a523f87afca3491f9137bc775277ef96cba982,302,R1CodeBlock302,1,58,578,583,1444,Native2ASCIIEncodingTest.java,CodeBlock301,ModificationType.ADD,,new,new,new,disappearing_clone
116,b5a523f87afca3491f9137bc775277ef96cba982,304,R1CodeBlock304,1,30,595,602,1444,Native2ASCIIEncodingTest.java,CodeBlock342,ModificationType.ADD,,new,new,new,disappearing_clone
117,b5a523f87afca3491f9137bc775277ef96cba982,305,R1CodeBlock305,1,30,605,612,1444,Native2ASCIIEncodingTest.java,CodeBlock342,ModificationType.ADD,,new,new,new,disappearing_clone
118,b5a523f87afca3491f9137bc775277ef96cba982,306,R1CodeBlock306,1,28,615,623,1444,Native2ASCIIEncodingTest.java,CodeBlock342,ModificationType.ADD,,new,new,new,disappearing_clone
119,b5a523f87afca3491f9137bc775277ef96cba982,307,R1CodeBlock307,1,33,626,645,1444,Native2ASCIIEncodingTest.java,CodeBlock318,ModificationType.ADD,,new,new,new,disappearing_clone
120,b5a523f87afca3491f9137bc775277ef96cba982,308,R1CodeBlock308,1,32,648,660,1444,Native2ASCIIEncodingTest.java,CodeBlock320,ModificationType.ADD,,new,new,new,disappearing_clone
121,b5a523f87afca3491f9137bc775277ef96cba982,309,R1CodeBlock309,1,32,663,675,1444,Native2ASCIIEncodingTest.java,CodeBlock320,ModificationType.ADD,,new,new,new,disappearing_clone
122,b5a523f87afca3491f9137bc775277ef96cba982,310,R1CodeBlock310,1,38,678,687,1444,Native2ASCIIEncodingTest.java,CodeBlock338,ModificationType.ADD,,new,new,new,disappearing_clone
123,b5a523f87afca3491f9137bc775277ef96cba982,311,R1CodeBlock311,1,33,690,709,1444,Native2ASCIIEncodingTest.java,CodeBlock331,ModificationType.ADD,,new,new,new,disappearing_clone
124,b5a523f87afca3491f9137bc775277ef96cba982,312,R1CodeBlock312,1,32,712,725,1444,Native2ASCIIEncodingTest.java,CodeBlock333,ModificationType.ADD,,new,new,new,disappearing_clone
107,b5a523f87afca3491f9137bc775277ef96cba982,294,R1CodeBlock294,1,38,487,495,1444,Native2ASCIIEncodingTest.java,CodeBlock338,ModificationType.ADD,,new,new,new,disappearing_clone
125,b5a523f87afca3491f9137bc775277ef96cba982,313,R1CodeBlock313,1,32,728,741,1444,Native2ASCIIEncodingTest.java,CodeBlock333,ModificationType.ADD,,new,new,new,disappearing_clone
106,b5a523f87afca3491f9137bc775277ef96cba982,293,R1CodeBlock293,1,30,479,484,1444,Native2ASCIIEncodingTest.java,CodeBlock292,ModificationType.ADD,,new,new,new,disappearing_clone
104,b5a523f87afca3491f9137bc775277ef96cba982,289,R1CodeBlock289,1,33,445,449,1444,Native2ASCIIEncodingTest.java,CodeBlock288,ModificationType.ADD,,new,new,new,disappearing_clone
87,b5a523f87afca3491f9137bc775277ef96cba982,269,R1CodeBlock269,1,7,105,112,1444,Native2ASCIIEncodingTest.java,CodeBlock268,ModificationType.ADD,,new,new,new,disappearing_clone
88,b5a523f87afca3491f9137bc775277ef96cba982,270,R1CodeBlock270,1,37,115,119,1444,Native2ASCIIEncodingTest.java,CodeBlock288,ModificationType.ADD,,new,new,new,disappearing_clone
89,b5a523f87afca3491f9137bc775277ef96cba982,271,R1CodeBlock271,1,30,122,127,1444,Native2ASCIIEncodingTest.java,CodeBlock293,ModificationType.ADD,,new,new,new,disappearing_clone
90,b5a523f87afca3491f9137bc775277ef96cba982,272,R1CodeBlock272,1,30,130,135,1444,Native2ASCIIEncodingTest.java,CodeBlock293,ModificationType.ADD,,new,new,new,disappearing_clone
91,b5a523f87afca3491f9137bc775277ef96cba982,273,R1CodeBlock273,1,28,138,145,1444,Native2ASCIIEncodingTest.java,CodeBlock325,ModificationType.ADD,,new,new,new,disappearing_clone
92,b5a523f87afca3491f9137bc775277ef96cba982,275,R1CodeBlock275,1,33,223,238,1444,Native2ASCIIEncodingTest.java,CodeBlock295,ModificationType.ADD,,new,new,new,disappearing_clone
93,b5a523f87afca3491f9137bc775277ef96cba982,276,R1CodeBlock276,1,32,241,252,1444,Native2ASCIIEncodingTest.java,CodeBlock297,ModificationType.ADD,,new,new,new,disappearing_clone
94,b5a523f87afca3491f9137bc775277ef96cba982,277,R1CodeBlock277,1,32,255,266,1444,Native2ASCIIEncodingTest.java,CodeBlock297,ModificationType.ADD,,new,new,new,disappearing_clone
95,b5a523f87afca3491f9137bc775277ef96cba982,278,R1CodeBlock278,1,38,269,278,1444,Native2ASCIIEncodingTest.java,CodeBlock338,ModificationType.ADD,,new,new,new,disappearing_clone
96,b5a523f87afca3491f9137bc775277ef96cba982,280,R1CodeBlock280,1,31,293,301,1444,Native2ASCIIEncodingTest.java,CodeBlock281,ModificationType.ADD,,new,new,new,disappearing_clone
97,b5a523f87afca3491f9137bc775277ef96cba982,281,R1CodeBlock281,1,31,304,312,1444,Native2ASCIIEncodingTest.java,CodeBlock280,ModificationType.ADD,,new,new,new,disappearing_clone
98,b5a523f87afca3491f9137bc775277ef96cba982,282,R1CodeBlock282,1,38,315,324,1444,Native2ASCIIEncodingTest.java,CodeBlock338,ModificationType.ADD,,new,new,new,disappearing_clone
99,b5a523f87afca3491f9137bc775277ef96cba982,284,R1CodeBlock284,1,32,369,391,1444,Native2ASCIIEncodingTest.java,CodeBlock285,ModificationType.ADD,,new,new,new,disappearing_clone
100,b5a523f87afca3491f9137bc775277ef96cba982,285,R1CodeBlock285,1,32,394,416,1444,Native2ASCIIEncodingTest.java,CodeBlock284,ModificationType.ADD,,new,new,new,disappearing_clone
101,b5a523f87afca3491f9137bc775277ef96cba982,286,R1CodeBlock286,1,38,419,428,1444,Native2ASCIIEncodingTest.java,CodeBlock338,ModificationType.ADD,,new,new,new,disappearing_clone
102,b5a523f87afca3491f9137bc775277ef96cba982,287,R1CodeBlock287,1,35,431,435,1444,Native2ASCIIEncodingTest.java,CodeBlock289,ModificationType.ADD,,new,new,new,disappearing_clone
103,b5a523f87afca3491f9137bc775277ef96cba982,288,R1CodeBlock288,1,34,438,442,1444,Native2ASCIIEncodingTest.java,CodeBlock289,ModificationType.ADD,,new,new,new,disappearing_clone
105,b5a523f87afca3491f9137bc775277ef96cba982,292,R1CodeBlock292,1,30,471,476,1444,Native2ASCIIEncodingTest.java,CodeBlock293,ModificationType.ADD,,new,new,new,disappearing_clone
126,b5a523f87afca3491f9137bc775277ef96cba982,314,R1CodeBlock314,1,38,744,755,1444,Native2ASCIIEncodingTest.java,CodeBlock338,ModificationType.ADD,,new,new,new,disappearing_clone
127,b5a523f87afca3491f9137bc775277ef96cba982,315,R1CodeBlock315,1,32,758,775,1444,Native2ASCIIEncodingTest.java,CodeBlock316,ModificationType.ADD,,new,new,new,disappearing_clone
128,b5a523f87afca3491f9137bc775277ef96cba982,316,R1CodeBlock316,1,32,778,795,1444,Native2ASCIIEncodingTest.java,CodeBlock315,ModificationType.ADD,,new,new,new,disappearing_clone
151,b5a523f87afca3491f9137bc775277ef96cba982,347,R1CodeBlock347,1,33,1347,1365,1444,Native2ASCIIEncodingTest.java,CodeBlock345,ModificationType.ADD,,new,new,new,disappearing_clone
152,b5a523f87afca3491f9137bc775277ef96cba982,348,R1CodeBlock348,1,39,1368,1380,1444,Native2ASCIIEncodingTest.java,CodeBlock351,ModificationType.ADD,,new,new,new,disappearing_clone
153,b5a523f87afca3491f9137bc775277ef96cba982,349,R1CodeBlock349,1,39,1383,1390,1444,Native2ASCIIEncodingTest.java,CodeBlock359,ModificationType.ADD,,new,new,new,disappearing_clone
154,b5a523f87afca3491f9137bc775277ef96cba982,350,R1CodeBlock350,1,39,1393,1400,1444,Native2ASCIIEncodingTest.java,CodeBlock360,ModificationType.ADD,,new,new,new,disappearing_clone
155,b5a523f87afca3491f9137bc775277ef96cba982,351,R1CodeBlock351,1,39,1403,1410,1444,Native2ASCIIEncodingTest.java,CodeBlock360,ModificationType.ADD,,new,new,new,disappearing_clone
156,b5a523f87afca3491f9137bc775277ef96cba982,352,R1CodeBlock352,1,39,1413,1420,1444,Native2ASCIIEncodingTest.java,CodeBlock360,ModificationType.ADD,,new,new,new,disappearing_clone
157,b5a523f87afca3491f9137bc775277ef96cba982,353,R1CodeBlock353,1,39,1423,1431,1444,Native2ASCIIEncodingTest.java,CodeBlock365,ModificationType.ADD,,new,new,new,disappearing_clone
158,b5a523f87afca3491f9137bc775277ef96cba982,354,R1CodeBlock354,1,39,1434,1442,1444,Native2ASCIIEncodingTest.java,CodeBlock365,ModificationType.ADD,,new,new,new,disappearing_clone
159,b5a523f87afca3491f9137bc775277ef96cba982,355,R1CodeBlock355,1,39,1445,1453,1444,Native2ASCIIEncodingTest.java,CodeBlock365,ModificationType.ADD,,new,new,new,disappearing_clone
160,b5a523f87afca3491f9137bc775277ef96cba982,356,R1CodeBlock356,1,39,1456,1463,1444,Native2ASCIIEncodingTest.java,CodeBlock360,ModificationType.ADD,,new,new,new,disappearing_clone
161,b5a523f87afca3491f9137bc775277ef96cba982,357,R1CodeBlock357,1,39,1466,1473,1444,Native2ASCIIEncodingTest.java,CodeBlock360,ModificationType.ADD,,new,new,new,disappearing_clone
162,b5a523f87afca3491f9137bc775277ef96cba982,358,R1CodeBlock358,1,39,1476,1483,1444,Native2ASCIIEncodingTest.java,CodeBlock360,ModificationType.ADD,,new,new,new,disappearing_clone
163,b5a523f87afca3491f9137bc775277ef96cba982,359,R1CodeBlock359,1,39,1486,1493,1444,Native2ASCIIEncodingTest.java,CodeBlock360,ModificationType.ADD,,new,new,new,disappearing_clone
164,b5a523f87afca3491f9137bc775277ef96cba982,360,R1CodeBlock360,1,39,1496,1503,1444,Native2ASCIIEncodingTest.java,CodeBlock359,ModificationType.ADD,,new,new,new,disappearing_clone
165,b5a523f87afca3491f9137bc775277ef96cba982,361,R1CodeBlock361,1,39,1506,1514,1444,Native2ASCIIEncodingTest.java,CodeBlock365,ModificationType.ADD,,new,new,new,disappearing_clone
166,b5a523f87afca3491f9137bc775277ef96cba982,362,R1CodeBlock362,1,39,1517,1525,1444,Native2ASCIIEncodingTest.java,CodeBlock365,ModificationType.ADD,,new,new,new,disappearing_clone
167,b5a523f87afca3491f9137bc775277ef96cba982,363,R1CodeBlock363,1,39,1528,1536,1444,Native2ASCIIEncodingTest.java,CodeBlock365,ModificationType.ADD,,new,new,new,disappearing_clone
150,b5a523f87afca3491f9137bc775277ef96cba982,345,R1CodeBlock345,1,33,1302,1315,1444,Native2ASCIIEncodingTest.java,CodeBlock347,ModificationType.ADD,,new,new,new,disappearing_clone
149,b5a523f87afca3491f9137bc775277ef96cba982,342,R1CodeBlock342,1,33,1262,1270,1444,Native2ASCIIEncodingTest.java,CodeBlock306,ModificationType.ADD,,new,new,new,disappearing_clone
148,b5a523f87afca3491f9137bc775277ef96cba982,341,R1CodeBlock341,1,66,1248,1259,1444,Native2ASCIIEncodingTest.java,CodeBlock340,ModificationType.ADD,,new,new,new,disappearing_clone
147,b5a523f87afca3491f9137bc775277ef96cba982,340,R1CodeBlock340,1,38,1233,1245,1444,Native2ASCIIEncodingTest.java,CodeBlock341,ModificationType.ADD,,new,new,new,disappearing_clone
129,b5a523f87afca3491f9137bc775277ef96cba982,317,R1CodeBlock317,1,6,798,805,1444,Native2ASCIIEncodingTest.java,CodeBlock325,ModificationType.ADD,,new,new,new,disappearing_clone
130,b5a523f87afca3491f9137bc775277ef96cba982,318,R1CodeBlock318,1,33,808,827,1444,Native2ASCIIEncodingTest.java,CodeBlock307,ModificationType.ADD,,new,new,new,disappearing_clone
131,b5a523f87afca3491f9137bc775277ef96cba982,319,R1CodeBlock319,1,32,830,842,1444,Native2ASCIIEncodingTest.java,CodeBlock320,ModificationType.ADD,,new,new,new,disappearing_clone
132,b5a523f87afca3491f9137bc775277ef96cba982,320,R1CodeBlock320,1,32,845,857,1444,Native2ASCIIEncodingTest.java,CodeBlock319,ModificationType.ADD,,new,new,new,disappearing_clone
133,b5a523f87afca3491f9137bc775277ef96cba982,321,R1CodeBlock321,1,38,860,869,1444,Native2ASCIIEncodingTest.java,CodeBlock338,ModificationType.ADD,,new,new,new,disappearing_clone
134,b5a523f87afca3491f9137bc775277ef96cba982,323,R1CodeBlock323,1,30,886,894,1444,Native2ASCIIEncodingTest.java,CodeBlock324,ModificationType.ADD,,new,new,new,disappearing_clone
135,b5a523f87afca3491f9137bc775277ef96cba982,324,R1CodeBlock324,1,30,897,905,1444,Native2ASCIIEncodingTest.java,CodeBlock323,ModificationType.ADD,,new,new,new,disappearing_clone
136,b5a523f87afca3491f9137bc775277ef96cba982,325,R1CodeBlock325,1,60,908,916,1444,Native2ASCIIEncodingTest.java,CodeBlock338,ModificationType.ADD,,new,new,new,disappearing_clone
86,b5a523f87afca3491f9137bc775277ef96cba982,268,R1CodeBlock268,1,21,98,103,1444,Native2ASCIIEncodingTest.java,CodeBlock269,ModificationType.ADD,,new,new,new,disappearing_clone
137,b5a523f87afca3491f9137bc775277ef96cba982,328,R1CodeBlock328,1,32,977,991,1444,Native2ASCIIEncodingTest.java,CodeBlock329,ModificationType.ADD,,new,new,new,disappearing_clone
139,b5a523f87afca3491f9137bc775277ef96cba982,330,R1CodeBlock330,1,38,1011,1020,1444,Native2ASCIIEncodingTest.java,CodeBlock338,ModificationType.ADD,,new,new,new,disappearing_clone
140,b5a523f87afca3491f9137bc775277ef96cba982,331,R1CodeBlock331,1,33,1023,1040,1444,Native2ASCIIEncodingTest.java,CodeBlock311,ModificationType.ADD,,new,new,new,disappearing_clone
141,b5a523f87afca3491f9137bc775277ef96cba982,332,R1CodeBlock332,1,32,1043,1054,1444,Native2ASCIIEncodingTest.java,CodeBlock333,ModificationType.ADD,,new,new,new,disappearing_clone
142,b5a523f87afca3491f9137bc775277ef96cba982,333,R1CodeBlock333,1,32,1057,1069,1444,Native2ASCIIEncodingTest.java,CodeBlock332,ModificationType.ADD,,new,new,new,disappearing_clone
143,b5a523f87afca3491f9137bc775277ef96cba982,334,R1CodeBlock334,1,38,1072,1081,1444,Native2ASCIIEncodingTest.java,CodeBlock338,ModificationType.ADD,,new,new,new,disappearing_clone
144,b5a523f87afca3491f9137bc775277ef96cba982,336,R1CodeBlock336,1,32,1128,1151,1444,Native2ASCIIEncodingTest.java,CodeBlock337,ModificationType.ADD,,new,new,new,disappearing_clone
145,b5a523f87afca3491f9137bc775277ef96cba982,337,R1CodeBlock337,1,32,1154,1178,1444,Native2ASCIIEncodingTest.java,CodeBlock336,ModificationType.ADD,,new,new,new,disappearing_clone
146,b5a523f87afca3491f9137bc775277ef96cba982,338,R1CodeBlock338,1,38,1181,1190,1444,Native2ASCIIEncodingTest.java,CodeBlock334,ModificationType.ADD,,new,new,new,disappearing_clone
138,b5a523f87afca3491f9137bc775277ef96cba982,329,R1CodeBlock329,1,32,994,1008,1444,Native2ASCIIEncodingTest.java,CodeBlock328,ModificationType.ADD,,new,new,new,disappearing_clone
85,b5a523f87afca3491f9137bc775277ef96cba982,267,R1CodeBlock267,1,7,89,96,1444,Native2ASCIIEncodingTest.java,CodeBlock269,ModificationType.ADD,,new,new,new,disappearing_clone
84,b5a523f87afca3491f9137bc775277ef96cba982,266,R1CodeBlock266,1,21,82,87,1444,Native2ASCIIEncodingTest.java,CodeBlock268,ModificationType.ADD,,new,new,new,disappearing_clone
83,b5a523f87afca3491f9137bc775277ef96cba982,260,R1CodeBlock260,1,4,68,90,21,KeymapManager.java,CodeBlock259,ModificationType.ADD,,new,new,new,disappearing_clone
23,b5a523f87afca3491f9137bc775277ef96cba982,71,R1CodeBlock71,1,20,749,790,2099,ParserTokenManager.java,CodeBlock73,ModificationType.ADD,,new,new,new,disappearing_clone
24,b5a523f87afca3491f9137bc775277ef96cba982,72,R1CodeBlock72,1,19,791,830,2099,ParserTokenManager.java,CodeBlock73,ModificationType.ADD,,new,new,new,disappearing_clone
25,b5a523f87afca3491f9137bc775277ef96cba982,73,R1CodeBlock73,1,19,831,868,2099,ParserTokenManager.java,CodeBlock74,ModificationType.ADD,,new,new,new,disappearing_clone
26,b5a523f87afca3491f9137bc775277ef96cba982,74,R1CodeBlock74,1,19,869,905,2099,ParserTokenManager.java,CodeBlock73,ModificationType.ADD,,new,new,new,disappearing_clone
27,b5a523f87afca3491f9137bc775277ef96cba982,76,R1CodeBlock76,1,20,939,960,2099,ParserTokenManager.java,CodeBlock80,ModificationType.ADD,,new,new,new,disappearing_clone
28,b5a523f87afca3491f9137bc775277ef96cba982,77,R1CodeBlock77,1,20,961,982,2099,ParserTokenManager.java,CodeBlock85,ModificationType.ADD,,new,new,new,disappearing_clone
29,b5a523f87afca3491f9137bc775277ef96cba982,78,R1CodeBlock78,1,20,983,1002,2099,ParserTokenManager.java,CodeBlock85,ModificationType.ADD,,new,new,new,disappearing_clone
30,b5a523f87afca3491f9137bc775277ef96cba982,79,R1CodeBlock79,1,20,1003,1024,2099,ParserTokenManager.java,CodeBlock85,ModificationType.ADD,,new,new,new,disappearing_clone
31,b5a523f87afca3491f9137bc775277ef96cba982,80,R1CodeBlock80,1,20,1025,1046,2099,ParserTokenManager.java,CodeBlock85,ModificationType.ADD,,new,new,new,disappearing_clone
32,b5a523f87afca3491f9137bc775277ef96cba982,81,R1CodeBlock81,1,20,1047,1070,2099,ParserTokenManager.java,CodeBlock85,ModificationType.ADD,,new,new,new,disappearing_clone
33,b5a523f87afca3491f9137bc775277ef96cba982,82,R1CodeBlock82,1,20,1071,1092,2099,ParserTokenManager.java,CodeBlock85,ModificationType.ADD,,new,new,new,disappearing_clone
34,b5a523f87afca3491f9137bc775277ef96cba982,83,R1CodeBlock83,1,20,1093,1110,2099,ParserTokenManager.java,CodeBlock85,ModificationType.ADD,,new,new,new,disappearing_clone
35,b5a523f87afca3491f9137bc775277ef96cba982,84,R1CodeBlock84,1,20,1111,1133,2099,ParserTokenManager.java,CodeBlock85,ModificationType.ADD,,new,new,new,disappearing_clone
36,b5a523f87afca3491f9137bc775277ef96cba982,85,R1CodeBlock85,1,18,1134,1151,2099,ParserTokenManager.java,CodeBlock91,ModificationType.ADD,,new,new,new,disappearing_clone
37,b5a523f87afca3491f9137bc775277ef96cba982,86,R1CodeBlock86,1,18,1152,1169,2099,ParserTokenManager.java,CodeBlock91,ModificationType.ADD,,new,new,new,disappearing_clone
38,b5a523f87afca3491f9137bc775277ef96cba982,87,R1CodeBlock87,1,18,1170,1187,2099,ParserTokenManager.java,CodeBlock91,ModificationType.ADD,,new,new,new,disappearing_clone
39,b5a523f87afca3491f9137bc775277ef96cba982,88,R1CodeBlock88,1,18,1188,1205,2099,ParserTokenManager.java,CodeBlock91,ModificationType.ADD,,new,new,new,disappearing_clone
22,b5a523f87afca3491f9137bc775277ef96cba982,55,R1CodeBlock55,1,26,62,83,11,Node.java,CodeBlock54,ModificationType.ADD,,new,new,new,disappearing_clone
21,b5a523f87afca3491f9137bc775277ef96cba982,54,R1CodeBlock54,1,26,56,83,11,Node.java,CodeBlock55,ModificationType.ADD,,new,new,new,disappearing_clone
20,b5a523f87afca3491f9137bc775277ef96cba982,53,R1CodeBlock53,1,26,50,83,11,Node.java,CodeBlock55,ModificationType.ADD,,new,new,new,disappearing_clone
19,b5a523f87afca3491f9137bc775277ef96cba982,51,R1CodeBlock51,1,3,52,63,9,NameSource.java,CodeBlock50,ModificationType.ADD,,new,new,new,disappearing_clone
1,b5a523f87afca3491f9137bc775277ef96cba982,10,R1CodeBlock10,1,1,113,128,76,ArUtils.java,CodeBlock11,ModificationType.ADD,,new,new,new,disappearing_clone
2,b5a523f87afca3491f9137bc775277ef96cba982,11,R1CodeBlock11,1,2,139,154,76,ArUtils.java,CodeBlock10,ModificationType.ADD,,new,new,new,disappearing_clone
3,b5a523f87afca3491f9137bc775277ef96cba982,16,R1CodeBlock16,1,17,22,31,9,Progress.java,CodeBlock17,ModificationType.ADD,,new,new,new,disappearing_clone
4,b5a523f87afca3491f9137bc775277ef96cba982,17,R1CodeBlock17,1,17,24,31,9,Progress.java,CodeBlock16,ModificationType.ADD,,new,new,new,disappearing_clone
5,b5a523f87afca3491f9137bc775277ef96cba982,19,R1CodeBlock19,1,8,48,54,23,JavaProperty.java,CodeBlock20,ModificationType.ADD,,new,new,new,disappearing_clone
6,b5a523f87afca3491f9137bc775277ef96cba982,20,R1CodeBlock20,1,49,72,78,23,JavaProperty.java,CodeBlock19,ModificationType.ADD,,new,new,new,disappearing_clone
7,b5a523f87afca3491f9137bc775277ef96cba982,21,R1CodeBlock21,1,45,44,63,9,OptionPane.java,CodeBlock22,ModificationType.ADD,,new,new,new,disappearing_clone
8,b5a523f87afca3491f9137bc775277ef96cba982,22,R1CodeBlock22,1,46,49,63,9,OptionPane.java,CodeBlock21,ModificationType.ADD,,new,new,new,disappearing_clone
40,b5a523f87afca3491f9137bc775277ef96cba982,89,R1CodeBlock89,1,18,1206,1223,2099,ParserTokenManager.java,CodeBlock91,ModificationType.ADD,,new,new,new,disappearing_clone
9,b5a523f87afca3491f9137bc775277ef96cba982,26,R1CodeBlock26,1,27,41,57,38,BSHIfStatement.java,CodeBlock33,ModificationType.ADD,,new,new,new,disappearing_clone
11,b5a523f87afca3491f9137bc775277ef96cba982,32,R1CodeBlock32,1,64,41,51,16,BSHStatementExpressionList.java,CodeBlock29,ModificationType.ADD,,new,new,new,disappearing_clone
12,b5a523f87afca3491f9137bc775277ef96cba982,33,R1CodeBlock33,1,67,46,58,16,BSHTernaryExpression.java,CodeBlock26,ModificationType.ADD,,new,new,new,disappearing_clone
13,b5a523f87afca3491f9137bc775277ef96cba982,41,R1CodeBlock41,1,47,10,24,33,ClassGenerator.java,CodeBlock107,ModificationType.ADD,,new,new,new,disappearing_clone
14,b5a523f87afca3491f9137bc775277ef96cba982,45,R1CodeBlock45,1,61,47,55,10,ConsoleInterface.java,CodeBlock47,ModificationType.ADD,,new,new,new,disappearing_clone
15,b5a523f87afca3491f9137bc775277ef96cba982,46,R1CodeBlock46,1,61,48,55,10,ConsoleInterface.java,CodeBlock48,ModificationType.ADD,,new,new,new,disappearing_clone
16,b5a523f87afca3491f9137bc775277ef96cba982,47,R1CodeBlock47,1,61,49,55,10,ConsoleInterface.java,CodeBlock48,ModificationType.ADD,,new,new,new,disappearing_clone
17,b5a523f87afca3491f9137bc775277ef96cba982,48,R1CodeBlock48,1,61,50,55,10,ConsoleInterface.java,CodeBlock47,ModificationType.ADD,,new,new,new,disappearing_clone
18,b5a523f87afca3491f9137bc775277ef96cba982,50,R1CodeBlock50,1,3,51,63,9,NameSource.java,CodeBlock51,ModificationType.ADD,,new,new,new,disappearing_clone
10,b5a523f87afca3491f9137bc775277ef96cba982,29,R1CodeBlock29,1,51,43,53,16,BSHReturnStatement.java,CodeBlock32,ModificationType.ADD,,new,new,new,disappearing_clone
168,b5a523f87afca3491f9137bc775277ef96cba982,364,R1CodeBlock364,1,16,1539,1547,1444,Native2ASCIIEncodingTest.java,CodeBlock365,ModificationType.ADD,,new,new,new,disappearing_clone
41,b5a523f87afca3491f9137bc775277ef96cba982,90,R1CodeBlock90,1,18,1224,1241,2099,ParserTokenManager.java,CodeBlock91,ModificationType.ADD,,new,new,new,disappearing_clone
43,b5a523f87afca3491f9137bc775277ef96cba982,107,R1CodeBlock107,1,48,53,68,27,ReflectManager.java,CodeBlock41,ModificationType.ADD,,new,new,new,disappearing_clone
66,b5a523f87afca3491f9137bc775277ef96cba982,187,R1CodeBlock187,1,23,67,71,59,IndentRuleFactory.java,CodeBlock190,ModificationType.ADD,,new,new,new,disappearing_clone
67,b5a523f87afca3491f9137bc775277ef96cba982,188,R1CodeBlock188,1,24,73,77,59,IndentRuleFactory.java,CodeBlock190,ModificationType.ADD,,new,new,new,disappearing_clone
68,b5a523f87afca3491f9137bc775277ef96cba982,189,R1CodeBlock189,1,22,79,83,59,IndentRuleFactory.java,CodeBlock190,ModificationType.ADD,,new,new,new,disappearing_clone
69,b5a523f87afca3491f9137bc775277ef96cba982,190,R1CodeBlock190,1,22,85,89,59,IndentRuleFactory.java,CodeBlock189,ModificationType.ADD,,new,new,new,disappearing_clone
70,b5a523f87afca3491f9137bc775277ef96cba982,240,R1CodeBlock240,1,9,81,87,172,TaskManager.java,CodeBlock241,ModificationType.ADD,,new,new,new,disappearing_clone
71,b5a523f87afca3491f9137bc775277ef96cba982,241,R1CodeBlock241,1,14,89,95,172,TaskManager.java,CodeBlock240,ModificationType.ADD,,new,new,new,disappearing_clone
72,b5a523f87afca3491f9137bc775277ef96cba982,242,R1CodeBlock242,1,40,97,106,172,TaskManager.java,CodeBlock247,ModificationType.ADD,,new,new,new,disappearing_clone
73,b5a523f87afca3491f9137bc775277ef96cba982,243,R1CodeBlock243,1,65,108,115,172,TaskManager.java,CodeBlock247,ModificationType.ADD,,new,new,new,disappearing_clone
74,b5a523f87afca3491f9137bc775277ef96cba982,245,R1CodeBlock245,1,41,138,145,172,TaskManager.java,CodeBlock247,ModificationType.ADD,,new,new,new,disappearing_clone
75,b5a523f87afca3491f9137bc775277ef96cba982,246,R1CodeBlock246,1,42,147,154,172,TaskManager.java,CodeBlock247,ModificationType.ADD,,new,new,new,disappearing_clone
76,b5a523f87afca3491f9137bc775277ef96cba982,247,R1CodeBlock247,1,44,156,163,172,TaskManager.java,CodeBlock246,ModificationType.ADD,,new,new,new,disappearing_clone
77,b5a523f87afca3491f9137bc775277ef96cba982,254,R1CodeBlock254,1,4,37,90,21,KeymapManager.java,CodeBlock258,ModificationType.ADD,,new,new,new,disappearing_clone
78,b5a523f87afca3491f9137bc775277ef96cba982,255,R1CodeBlock255,1,4,39,90,21,KeymapManager.java,CodeBlock258,ModificationType.ADD,,new,new,new,disappearing_clone
79,b5a523f87afca3491f9137bc775277ef96cba982,256,R1CodeBlock256,1,4,41,90,21,KeymapManager.java,CodeBlock258,ModificationType.ADD,,new,new,new,disappearing_clone
80,b5a523f87afca3491f9137bc775277ef96cba982,257,R1CodeBlock257,1,4,49,90,21,KeymapManager.java,CodeBlock259,ModificationType.ADD,,new,new,new,disappearing_clone
81,b5a523f87afca3491f9137bc775277ef96cba982,258,R1CodeBlock258,1,4,56,90,21,KeymapManager.java,CodeBlock260,ModificationType.ADD,,new,new,new,disappearing_clone
82,b5a523f87afca3491f9137bc775277ef96cba982,259,R1CodeBlock259,1,4,62,90,21,KeymapManager.java,CodeBlock260,ModificationType.ADD,,new,new,new,disappearing_clone
65,b5a523f87afca3491f9137bc775277ef96cba982,186,R1CodeBlock186,1,52,57,65,59,IndentRuleFactory.java,CodeBlock185,ModificationType.ADD,,new,new,new,disappearing_clone
64,b5a523f87afca3491f9137bc775277ef96cba982,185,R1CodeBlock185,1,54,47,55,59,IndentRuleFactory.java,CodeBlock186,ModificationType.ADD,,new,new,new,disappearing_clone
63,b5a523f87afca3491f9137bc775277ef96cba982,184,R1CodeBlock184,1,53,38,45,59,IndentRuleFactory.java,CodeBlock186,ModificationType.ADD,,new,new,new,disappearing_clone
62,b5a523f87afca3491f9137bc775277ef96cba982,183,R1CodeBlock183,1,56,29,36,59,IndentRuleFactory.java,CodeBlock186,ModificationType.ADD,,new,new,new,disappearing_clone
44,b5a523f87afca3491f9137bc775277ef96cba982,119,R1CodeBlock119,1,5,91,101,144,ByteVector.java,CodeBlock120,ModificationType.ADD,,new,new,new,disappearing_clone
45,b5a523f87afca3491f9137bc775277ef96cba982,120,R1CodeBlock120,1,5,111,121,144,ByteVector.java,CodeBlock119,ModificationType.ADD,,new,new,new,disappearing_clone
46,b5a523f87afca3491f9137bc775277ef96cba982,142,R1CodeBlock142,1,62,37,41,26,JEditRichText.java,CodeBlock145,ModificationType.ADD,,new,new,new,disappearing_clone
47,b5a523f87afca3491f9137bc775277ef96cba982,145,R1CodeBlock145,1,63,40,44,30,RichTextTransferable.java,CodeBlock142,ModificationType.ADD,,new,new,new,disappearing_clone
48,b5a523f87afca3491f9137bc775277ef96cba982,147,R1CodeBlock147,1,55,53,57,44,TransferHandler.java,CodeBlock241,ModificationType.ADD,,new,new,new,disappearing_clone
49,b5a523f87afca3491f9137bc775277ef96cba982,155,R1CodeBlock155,1,50,240,252,154,ExtendedGridLayoutConstraints.java,CodeBlock156,ModificationType.ADD,,new,new,new,disappearing_clone
50,b5a523f87afca3491f9137bc775277ef96cba982,156,R1CodeBlock156,1,57,264,276,154,ExtendedGridLayoutConstraints.java,CodeBlock155,ModificationType.ADD,,new,new,new,disappearing_clone
51,b5a523f87afca3491f9137bc775277ef96cba982,166,R1CodeBlock166,1,25,22,41,14,HelpViewerInterface.java,CodeBlock167,ModificationType.ADD,,new,new,new,disappearing_clone
42,b5a523f87afca3491f9137bc775277ef96cba982,91,R1CodeBlock91,1,18,1242,1261,2099,ParserTokenManager.java,CodeBlock90,ModificationType.ADD,,new,new,new,disappearing_clone
52,b5a523f87afca3491f9137bc775277ef96cba982,167,R1CodeBlock167,1,25,24,41,14,HelpViewerInterface.java,CodeBlock169,ModificationType.ADD,,new,new,new,disappearing_clone
54,b5a523f87afca3491f9137bc775277ef96cba982,169,R1CodeBlock169,1,25,31,41,14,HelpViewerInterface.java,CodeBlock170,ModificationType.ADD,,new,new,new,disappearing_clone
55,b5a523f87afca3491f9137bc775277ef96cba982,170,R1CodeBlock170,1,25,35,41,14,HelpViewerInterface.java,CodeBlock169,ModificationType.ADD,,new,new,new,disappearing_clone
56,b5a523f87afca3491f9137bc775277ef96cba982,174,R1CodeBlock174,1,10,58,62,126,IndentAction.java,CodeBlock175,ModificationType.ADD,,new,new,new,disappearing_clone
57,b5a523f87afca3491f9137bc775277ef96cba982,175,R1CodeBlock175,1,12,76,80,126,IndentAction.java,CodeBlock174,ModificationType.ADD,,new,new,new,disappearing_clone
58,b5a523f87afca3491f9137bc775277ef96cba982,176,R1CodeBlock176,1,13,102,106,126,IndentAction.java,CodeBlock178,ModificationType.ADD,,new,new,new,disappearing_clone
59,b5a523f87afca3491f9137bc775277ef96cba982,178,R1CodeBlock178,1,11,124,128,126,IndentAction.java,CodeBlock176,ModificationType.ADD,,new,new,new,disappearing_clone
60,b5a523f87afca3491f9137bc775277ef96cba982,179,R1CodeBlock179,1,59,148,152,126,IndentAction.java,CodeBlock180,ModificationType.ADD,,new,new,new,disappearing_clone
61,b5a523f87afca3491f9137bc775277ef96cba982,180,R1CodeBlock180,1,15,173,177,126,IndentAction.java,CodeBlock179,ModificationType.ADD,,new,new,new,disappearing_clone
53,b5a523f87afca3491f9137bc775277ef96cba982,168,R1CodeBlock168,1,25,26,41,14,HelpViewerInterface.java,CodeBlock169,ModificationType.ADD,,new,new,new,disappearing_clone
169,b5a523f87afca3491f9137bc775277ef96cba982,365,R1CodeBlock365,1,16,1550,1558,1444,Native2ASCIIEncodingTest.java,CodeBlock364,ModificationType.ADD,,new,new,new,disappearing_clone
